"congener","PCB_number","fract.diss.m","fract.diss.cell","fract.lip","fract.prot","fract.air","fract.cell","fract.diss.cell.cell","fract.lip.cell","fract.prot.cell","sum.dish","sum.cell"
"PCB1",1,0.1763871175527,0.000250825879673972,0.794122246626962,0.0151764422564655,0.0140633676841985,0.809549514763101,0.000309833895394738,0.980943391534669,0.0187467745699367,1,1
"PCB2",2,0.139023335804025,0.000197693862125934,0.835426417740089,0.0145509321494274,0.0108016204443329,0.850175043751642,0.000232533127829244,0.982652247769505,0.0171152191026652,1,1
"PCB3",3,0.140992430232234,0.000200493952342097,0.83371246680759,0.0145847472389328,0.010509861768902,0.848497707998864,0.000236292862611204,0.982574801261225,0.0171889058761633,1,1
"PCB4",4,0.0756366127291244,0.000107556720618635,0.902760546413296,0.0146337348585863,0.00686154927837489,0.917501837992501,0.000117227798533864,0.983933229374822,0.0159495428266444,1,1
"PCB5",5,0.0580228471595407,8.25096066079311e-05,0.924356575578468,0.013655957178346,0.00388211047703782,0.938095042363422,8.79544213345992e-05,0.985354930828393,0.0145571147502724,1,1
"PCB6",6,0.0579401339144647,8.23919867797672e-05,0.92303887857261,0.0136364902168276,0.0053021053093179,0.936757760776217,8.79544213345993e-05,0.985354930828393,0.0145571147502724,1,1
"PCB7",7,0.0587690087764153,8.3570662803691e-05,0.921274106810338,0.0136700932276079,0.0062032205228358,0.935027770700749,8.93777333918752e-05,0.985290635934691,0.0146199863319171,1,1
"PCB8",8,0.0588400452125446,8.36716779845513e-05,0.922387687430609,0.0136866168124813,0.00500197886638095,0.936157975921075,8.93777333918752e-05,0.985290635934691,0.0146199863319171,1,1
"PCB9",9,0.0579429505209222,8.23959920484183e-05,0.923083749667829,0.0136371531187542,0.00525375070044596,0.936803298778632,8.79544213345993e-05,0.985354930828393,0.0145571147502724,1,1
"PCB10",10,0.0690927175170232,9.82511755434446e-05,0.908390897624016,0.014343508168157,0.00807462551525993,0.922832656967717,0.000106466946961199,0.98435061954661,0.0155429135064287,1,1
"PCB11",11,0.0441810165977677,6.28262568535622e-05,0.939455479912927,0.012649076388296,0.00365160084415603,0.952167382558076,6.59823661306001e-05,0.98664950839736,0.0132845092365096,1,1
"PCB12",12,0.0448938960310982,6.38399851430625e-05,0.939350770200287,0.0127031201871099,0.00298837359636215,0.95211773037254,6.7050516030285e-05,0.986590985794102,0.0133419636898679,1,1
"PCB13",13,0.0448823041863124,6.3823501316433e-05,0.939108224792333,0.0126998401733325,0.00324580734670578,0.951871888466982,6.7050516030285e-05,0.986590985794102,0.0133419636898679,1,1
"PCB14",14,0.0447869749772719,6.36879413444353e-05,0.937113575767603,0.0126728659406006,0.0053628953731804,0.949850129649548,6.7050516030285e-05,0.986590985794102,0.0133419636898679,1,1
"PCB15",15,0.0448993434924749,6.38477315380984e-05,0.939464751776676,0.012704661593909,0.00286739540540205,0.952233261102123,6.7050516030285e-05,0.986590985794102,0.0133419636898679,1,1
"PCB16",16,0.0207905518444441,2.95645653018393e-05,0.965887434671426,0.0117844448310857,0.00150800408774281,0.977701444067813,3.02388479440444e-05,0.987916547052202,0.0120532140998539,1,1
"PCB17",17,0.0211039080875875,3.00101639171366e-05,0.96476910184298,0.0118224094773877,0.0022745704281274,0.976621521484285,3.07285506790047e-05,0.987863855771588,0.0121054156777334,1,1
"PCB18",18,0.0207819804462017,2.95523766083903e-05,0.965489224661328,0.0117795864141245,0.00191965610173766,0.977298363452061,3.02388479440444e-05,0.987916547052202,0.0120532140998539,1,1
"PCB19",19,0.021767923547335,3.09544066947222e-05,0.963557204128967,0.011911326084943,0.00273259183206021,0.975499484620605,3.17318534583963e-05,0.987757778779061,0.0122104893674809,1,1
"PCB20",20,0.0156827109214315,2.23011170947072e-05,0.972482145501715,0.0108134492867429,0.000999393173015789,0.983317895905553,2.26794581768185e-05,0.988980419812396,0.0109969007294275,1,1
"PCB21",21,0.0159317312529425,2.26552288040802e-05,0.972128042460764,0.0108569061189008,0.00106066493858829,0.983007603808469,2.30468500104241e-05,0.988932373151994,0.0110445799979958,1,1
"PCB22",22,0.015934411845067,2.26590406577291e-05,0.972291607784155,0.010858732846742,0.000892588483378366,0.983172999671555,2.30468500104241e-05,0.988932373151994,0.0110445799979958,1,1
"PCB23",23,0.0156754176929835,2.22907459833329e-05,0.972029893688606,0.0108084205033678,0.00146397736905984,0.982860604937957,2.26794581768185e-05,0.988980419812396,0.0109969007294275,1,1
"PCB24",24,0.020782437122004,2.95530260101801e-05,0.965510440905247,0.0117798452658778,0.00189772368086093,0.977319839197135,3.02388479440444e-05,0.987916547052202,0.0120532140998539,1,1
"PCB25",25,0.0159250903686508,2.2645785338665e-05,0.971722826621743,0.0108523805933219,0.00147705663094556,0.982597853000404,2.30468500104241e-05,0.988932373151994,0.0110445799979958,1,1
"PCB26",26,0.015676900173267,2.22928540988596e-05,0.972121822030204,0.0108094426943299,0.0013695422480998,0.982953557578633,2.26794581768185e-05,0.988980419812396,0.0109969007294275,1,1
"PCB27",27,0.0204479572193252,2.90773891440263e-05,0.965406963796915,0.0117271650755667,0.00238883651904885,0.977163206261626,2.97569422975604e-05,0.987969008258419,0.0120012347992837,1,1
"PCB28",28,0.0161808412639719,2.30094680394562e-05,0.971542037511668,0.0108979348690423,0.00135617688727823,0.98246298184875,2.34201883069e-05,0.988884116207075,0.0110924636046186,1,1
"PCB29",29,0.0159266099181786,2.26479461673713e-05,0.971815547035139,0.0108534161120803,0.0013817789884348,0.982691611093387,2.30468500104241e-05,0.988932373151994,0.0110445799979958,1,1
"PCB30",30,0.021078276398042,2.99737151607479e-05,0.963597344365697,0.0118080506047018,0.00348635491639816,0.97543536868556,3.07285506790047e-05,0.987863855771588,0.0121054156777334,1,1
"PCB31",31,0.0159282203410974,2.26502362197905e-05,0.971913812393421,0.0108545135578107,0.00128080347145149,0.982790976187451,2.30468500104241e-05,0.988932373151994,0.0110445799979958,1,1
"PCB32",32,0.0211015302037718,3.00067825205351e-05,0.964660396439999,0.0118210773868553,0.00238698918685319,0.976511480609375,3.07285506790047e-05,0.987863855771588,0.0121054156777334,1,1
"PCB33",33,0.015930771195532,2.26538635839446e-05,0.97206946133632,0.0108562518740476,0.0011208617305168,0.982948367073951,2.30468500104241e-05,0.988932373151994,0.0110445799979958,1,1
"PCB34",34,0.0156679780878277,2.22801667214598e-05,0.971568565081588,0.0108032907911982,0.00193788587266451,0.982394136039508,2.26794581768185e-05,0.988980419812396,0.0109969007294275,1,1
"PCB35",35,0.0119903446404393,1.70505011009871e-05,0.97654478612635,0.00993973433440057,0.00150808439770953,0.986501570961851,1.72838053206167e-05,0.989906975185256,0.010075741009423,1,1
"PCB36",36,0.0121857546530055,1.73283779038914e-05,0.976591475695356,0.00998379236773107,0.00122164890600311,0.986592596440991,1.75638637127436e-05,0.989862967975117,0.0101194681611704,1,1
"PCB37",37,0.0121939201846683,1.73399894472441e-05,0.977245878220557,0.00999048239022167,0.000552379215105481,0.987253700600226,1.75638637127436e-05,0.989862967975117,0.0101194681611704,1,1
"PCB38",38,0.0119984841204093,1.70620755983309e-05,0.977207700076274,0.00994648178586662,0.00083027194185213,0.987171243937739,1.72838053206167e-05,0.989906975185256,0.010075741009423,1,1
"PCB39",39,0.0144675334186791,2.05731112725314e-05,0.973766867511409,0.0104553266269093,0.00128969933172997,0.984242767249591,2.09024764591583e-05,0.989356386364457,0.0106227111590833,1,1
"PCB40",40,0.00593214840380826,8.43562932705215e-06,0.984470045820417,0.00926158075389212,0.000327789392555447,0.993740062203636,8.48876848976582e-06,0.990671588340051,0.00931992289145956,1,1
"PCB41",41,0.00602700367394962,8.57051534880376e-06,0.984219477879211,0.00929982051488936,0.000445127416600927,0.993527868909449,8.6263461921921e-06,0.990630971388397,0.00936040226541139,1,1
"PCB42",42,0.00602687724086019,8.57033555851457e-06,0.984198831150589,0.00929962542540504,0.000466095847586945,0.993507026911553,8.6263461921921e-06,0.990630971388396,0.00936040226541139,1,1
"PCB43",43,0.00593053041373393,8.43332851399205e-06,0.984201532180133,0.00925905466305414,0.000600449414565269,0.993469020171701,8.48876848976582e-06,0.990671588340051,0.00931992289145956,1,1
"PCB44",44,0.0059316449672845,8.43491343061546e-06,0.984386497981778,0.0092607947624263,0.000412627375079989,0.993655727657635,8.48876848976582e-06,0.990671588340051,0.00931992289145956,1,1
"PCB45",45,0.00622139867398197,8.84694878432814e-06,0.983735924961927,0.00937694012525243,0.000656889290054391,0.993121712035964,8.9082221011877e-06,0.990549207654724,0.00944188412317469,1,1
"PCB46",46,0.00622158261437649,8.84721035111319e-06,0.983765009864474,0.0093772173616355,0.000627342949162993,0.993151074436461,8.90822210118771e-06,0.990549207654724,0.00944188412317469,1,1
"PCB47",47,0.00612263710557842,8.70650793118363e-06,0.983850291202813,0.0093370918229193,0.000681273360758002,0.993196089533664,8.76615204483095e-06,0.990590178083324,0.00940105576463088,1,1
"PCB48",48,0.00602636310224017,8.5696044434908e-06,0.984114871479825,0.00929883209639037,0.000551363717100916,0.993422273180659,8.6263461921921e-06,0.990630971388396,0.00936040226541139,1,1
"PCB49",49,0.00602580889190181,8.56881634571148e-06,0.984024368032447,0.00929797693569145,0.000643277323614168,0.993330913784484,8.6263461921921e-06,0.990630971388396,0.00936040226541139,1,1
"PCB50",50,0.00631891411939919,8.98561762657658e-06,0.983179811537221,0.00941272918034681,0.00107955954540673,0.992601526335194,9.05259299746654e-06,0.990508059328944,0.00948288807805863,1,1
"PCB51",51,0.00631967004035349,8.9866925607382e-06,0.983297427666724,0.00941385520913753,0.000960060391224726,0.992720269568422,9.05259299746655e-06,0.990508059328944,0.00948288807805863,1,1
"PCB52",52,0.00593069851058014,8.43356755094615e-06,0.984229428702375,0.00925931710465365,0.000572122114840167,0.99349717937458,8.48876848976582e-06,0.990671588340051,0.00931992289145956,1,1
"PCB53",53,0.00622052672501939,8.8457088561032e-06,0.983598051219354,0.00937562591704254,0.00079695042972842,0.992982522845252,8.90822210118771e-06,0.990549207654724,0.00944188412317469,1,1
"PCB54",54,0.006523936861895,9.27716391665254e-06,0.982879435772132,0.00949254926916279,0.00109480093289306,0.992381262205212,9.34838682467399e-06,0.990425225873406,0.00956542573976961,1,1
"PCB55",55,0.00452690795550401,6.43735033429038e-06,0.986715984107802,0.00849717915023416,0.000253491436125354,0.995219600608371,6.46827125425913e-06,0.991455537556364,0.00853799417238155,1,1
"PCB56",56,0.00452710321568276,6.43762799802672e-06,0.986758544358934,0.00849754566104819,0.000210369136336708,0.995262527647981,6.46827125425913e-06,0.991455537556364,0.00853799417238155,1,1
"PCB57",57,0.00445449772822374,6.33438159594395e-06,0.986709344444177,0.0084600290125093,0.000369794433494455,0.995175707838282,6.36508864319396e-06,0.991492594395721,0.00850104051563533,1,1
"PCB58",58,0.00445462177249521,6.33455798928799e-06,0.986736821311211,0.00846026459869646,0.000341957759607678,0.995203420467897,6.36508864319396e-06,0.991492594395722,0.00850104051563533,1,1
"PCB59",59,0.00583687190284631,8.30014430695764e-06,0.984397861661058,0.0092204745384995,0.000536491753289282,0.993626636343864,8.35338345749138e-06,0.990712029704875,0.00927961691166718,1,1
"PCB60",60,0.00460012764806716,6.54147014786534e-06,0.986643779989205,0.00853381047715281,0.000215740415427389,0.995184131936505,6.57312545281087e-06,0.991418319813156,0.00857510706139081,1,1
"PCB61",61,0.00452655664175635,6.43685075937232e-06,0.986639409347798,0.00849651972091041,0.000331077438775433,0.995142365919468,6.46827125425914e-06,0.991455537556364,0.00853799417238155,1,1
"PCB62",62,0.00602562621464134,8.56855657512738e-06,0.983994536539445,0.00929769506001551,0.000673573629322839,0.993300800156036,8.6263461921921e-06,0.990630971388396,0.00936040226541139,1,1
"PCB63",63,0.00452652878011556,6.4368111395823e-06,0.986633336433001,0.00849646742354639,0.000337230552197838,0.995136240667686,6.46827125425914e-06,0.991455537556364,0.00853799417238155,1,1
"PCB64",64,0.00602669706193694,8.57007934061413e-06,0.984169407640109,0.00929934740472719,0.000495977813886241,0.993477325124177,8.6263461921921e-06,0.990630971388396,0.00936040226541139,1,1
"PCB65",65,0.00602599187209272,8.5690765470685e-06,0.984054248994481,0.0092982592787968,0.000612930778082454,0.993361077349825,8.6263461921921e-06,0.990630971388396,0.00936040226541139,1,1
"PCB66",66,0.00459980275380403,6.54100814196331e-06,0.986574096074236,0.00853320775777656,0.000286352406041541,0.995113844840154,6.57312545281087e-06,0.991418319813156,0.00857510706139081,1,1
"PCB67",67,0.00452658399519854,6.43688965649415e-06,0.986645371492135,0.00849657106436624,0.000325036558643415,0.995148379446158,6.46827125425913e-06,0.991455537556364,0.00853799417238155,1,1
"PCB68",68,0.00452568572733886,6.43561230229044e-06,0.986449578853128,0.00849488498128181,0.000523414825949346,0.994950899446712,6.46827125425913e-06,0.991455537556364,0.00853799417238155,1,1
"PCB69",69,0.00602413408217367,8.5664347340089e-06,0.98375086888671,0.00929539266152954,0.000921037934852955,0.993054827982973,8.6263461921921e-06,0.990630971388396,0.00936040226541139,1,1
"PCB70",70,0.00474938453790934,6.75371632100709e-06,0.986342697020107,0.00860618038516338,0.00029498434049961,0.994955631121591,6.78795728146568e-06,0.991343398808874,0.00864981323384423,1,1
"PCB71",71,0.00602623840847903,8.56942712655994e-06,0.984094508786335,0.009298639690734,0.00057204368732576,0.993401717904195,8.6263461921921e-06,0.990630971388396,0.00936040226541139,1,1
"PCB72",72,0.00445393826659643,6.33358603073057e-06,0.986585418908863,0.00845896647709293,0.000495342761416595,0.995050718971987,6.36508864319396e-06,0.991492594395721,0.00850104051563533,1,1
"PCB73",73,0.00592856402491032,8.43053227119776e-06,0.983875200004417,0.00925598463384318,0.000931820804558001,0.993139615170532,8.48876848976582e-06,0.990671588340051,0.00931992289145956,1,1
"PCB74",74,0.00459972470821988,6.54089715963892e-06,0.986557356714799,0.00853306297348476,0.000303314706336847,0.995096960585443,6.57312545281087e-06,0.991418319813156,0.00857510706139081,1,1
"PCB75",75,0.00612154516807581,8.70495517501618e-06,0.983674827099456,0.00933542660570148,0.00085949617159152,0.993018958660333,8.76615204483095e-06,0.990590178083324,0.00940105576463088,1,1
"PCB76",76,0.00459956882940237,6.54067549695705e-06,0.986523923541311,0.00853277379883837,0.000337193154951546,0.995063238015646,6.57312545281087e-06,0.991418319813156,0.00857510706139081,1,1
"PCB77",77,0.00345339919185658,4.9108001887043e-06,0.988637961491005,0.00779327306675326,0.00011045545019652,0.996436145357947,4.92836416220149e-06,0.992173925139839,0.0078211464959992,1,1
"PCB78",78,0.00345317331053046,4.91047898110642e-06,0.988573296260781,0.00779276332120768,0.000175856628499625,0.99637097006097,4.92836416220149e-06,0.992173925139839,0.0078211464959992,1,1
"PCB79",79,0.0033981517270433,4.83223722926704e-06,0.988628817411482,0.00775918089117953,0.000209017733065738,0.996392830539891,4.84973103093156e-06,0.992207879372032,0.00778727089693655,1,1
"PCB80",80,0.00334350573034575,4.75452956907906e-06,0.988536185173089,0.00772458546306539,0.000390969103930417,0.996265525165724,4.77235179676439e-06,0.992241686781896,0.00775354086630715,1,1
"PCB81",81,0.00345324800504763,4.91058519814901e-06,0.988594679782087,0.00779293188404581,0.000154229743621147,0.996392522251331,4.92836416220149e-06,0.992173925139839,0.0078211464959992,1,1
"PCB82",82,0.00171493545853147,2.43867126431001e-06,0.990964916774372,0.00723837186191271,7.93372339197743e-05,0.998205727307549,2.44305477077137e-06,0.99274617412514,0.00725138282008931,1,1
"PCB83",83,0.00168755821596846,2.39974029789822e-06,0.990989979358799,0.00720695606128598,0.000113106623649051,0.998199335160383,2.40406922081615e-06,0.992777639147169,0.00721995678360979,1,1
"PCB84",84,0.00177080197241883,2.51811452345805e-06,0.990787448898865,0.00730067654706814,0.000138554467124632,0.998090643560457,2.52293169934472e-06,0.992682834260885,0.00731464280741544,1,1
"PCB85",85,0.00174265044675663,2.47808251156083e-06,0.990879358056211,0.00726948077888871,0.000106032635631754,0.998151316917611,2.48267218562952e-06,0.992714572692388,0.00728294463542619,1,1
"PCB86",86,0.00171484984189813,2.43854951580779e-06,0.990915443728892,0.00723801049261067,0.00012925738708339,0.998155892771018,2.44305477077137e-06,0.99274617412514,0.00725138282008931,1,1
"PCB87",87,0.00171490062425392,2.43862172929617e-06,0.990944788001139,0.00723822483395711,9.96479189207145e-05,0.998185451456825,2.44305477077137e-06,0.99274617412514,0.00725138282008931,1,1
"PCB88",88,0.00179932714276979,2.55867786530184e-06,0.990650882286306,0.00733167561971208,0.000215556273346529,0.997985116583883,2.56384371147761e-06,0.992650958240056,0.00734647791623236,1,1
"PCB89",89,0.00179941462342488,2.55880226447889e-06,0.990699046283882,0.00733203207506187,0.000166948215367112,0.998033637161208,2.56384371147761e-06,0.992650958240056,0.00734647791623236,1,1
"PCB90",90,0.00171479754409054,2.43847514731775e-06,0.990885223762134,0.00723778975486976,0.000159750463758005,0.998125451992151,2.44305477077137e-06,0.99274617412514,0.00725138282008931,1,1
"PCB91",91,0.00179936612410577,2.55873329751266e-06,0.99067234413944,0.00733183445603695,0.000193896547119431,0.998006737328775,2.56384371147761e-06,0.992650958240056,0.00734647791623236,1,1
"PCB92",92,0.00168751480484666,2.39967856644661e-06,0.990964486912799,0.00720677066794998,0.000138827935838235,0.998173657259315,2.40406922081615e-06,0.992777639147169,0.00721995678360979,1,1
"PCB93",93,0.00177071483008867,2.51799060538556e-06,0.990738691596618,0.00730031727597179,0.000187758306716717,0.998041526863195,2.52293169934472e-06,0.992682834260885,0.00731464280741544,1,1
"PCB94",94,0.00177066469544301,2.51791931295347e-06,0.990710640590098,0.00730011058045334,0.000216066214692795,0.998013269089864,2.52293169934472e-06,0.992682834260885,0.00731464280741544,1,1
"PCB95",95,0.00177075437822707,2.51804684360035e-06,0.990760819310368,0.00730048032535336,0.000165427939208538,0.998063817682565,2.52293169934472e-06,0.992682834260885,0.00731464280741544,1,1
"PCB96",96,0.0018580123960548,2.642129426183e-06,0.990510552007422,0.00739506026809937,0.00023373319899801,0.997908254404947,2.64766767337595e-06,0.992586791055319,0.00741056127700742,1,1
"PCB97",97,0.00171490412914115,2.43862671331333e-06,0.990946813278686,0.00723823962732846,9.76043381314785e-05,0.998187491532727,2.44305477077137e-06,0.99274617412514,0.00725138282008931,1,1
"PCB98",98,0.00179931993201257,2.55866761146614e-06,0.99064691227839,0.00733164623821071,0.000219562883775681,0.997981117184212,2.56384371147761e-06,0.992650958240056,0.00734647791623236,1,1
"PCB99",99,0.0017425955363491,2.47800442790334e-06,0.990848135736515,0.00726925171966868,0.000137539003038856,0.998119865460612,2.48267218562952e-06,0.992714572692388,0.00728294463542619,1,1
"PCB100",100,0.00182826005406374,2.59982102262263e-06,0.990486292718737,0.00736259787270596,0.000320249533470361,0.997851490412466,2.60541878987221e-06,0.992618944036768,0.00737845054444183,1,1
"PCB101",101,0.00171484310662799,2.43853993812388e-06,0.990911551794427,0.00723798206449132,0.000133184494515787,0.998151972398856,2.44305477077137e-06,0.99274617412514,0.00725138282008931,1,1
"PCB102",102,0.00179934117201856,2.55869781516389e-06,0.990658606333444,0.00733173278435917,0.000207761012363469,0.997992897815618,2.56384371147761e-06,0.992650958240056,0.00734647791623236,1,1
"PCB103",103,0.00179920723261906,2.55850735075714e-06,0.990584863665345,0.00733118702466573,0.000282183570019091,0.997918609197362,2.56384371147761e-06,0.992650958240056,0.00734647791623236,1,1
"PCB104",104,0.00188771529170598,2.68436751609535e-06,0.990254884440388,0.0074255667175961,0.000429149182794074,0.9976831355255,2.69060127460352e-06,0.992554498697425,0.00744281070130037,1,1
"PCB105",105,0.00134978266432084,1.91941695541228e-06,0.991914743230627,0.00669047506845145,4.30796196447792e-05,0.998607137716034,1.92209416788495e-06,0.993298270928933,0.00669980697689943,1,1
"PCB106",106,0.0012862311702191,1.82904550633011e-06,0.992040789508518,0.00660407718724934,6.70730885069718e-05,0.998646695741274,1.83152411571587e-06,0.993385141851541,0.00661302662434313,1,1
"PCB107",107,0.00128623278799305,1.82904780683584e-06,0.992042037260701,0.00660408549361317,6.5815409885844e-05,0.998647951802121,1.83152411571587e-06,0.993385141851541,0.00661302662434314,1,1
"PCB108",108,0.00134973788541539,1.91935327894596e-06,0.991881836557817,0.00669025311260744,7.62530908815108e-05,0.998574009023703,1.92209416788495e-06,0.993298270928933,0.00669980697689943,1,1
"PCB109",109,0.00171480927041412,2.43849182237582e-06,0.990891999746159,0.00723783924914678,0.000152913242457338,0.998132277487129,2.44305477077137e-06,0.99274617412514,0.00725138282008931,1,1
"PCB110",110,0.00171488882380381,2.43860494882875e-06,0.990937969183553,0.00723817502680803,0.000106528360886279,0.99817858281531,2.44305477077137e-06,0.99274617412514,0.00725138282008931,1,1
"PCB111",111,0.00126567591001505,1.79981553027436e-06,0.992048748265317,0.00657530079196841,0.000108475217169095,0.998625848872816,1.80229215206664e-06,0.993413849025716,0.00658434868213173,1,1
"PCB112",112,0.00168750879528364,2.3996700207322e-06,0.990960957898699,0.00720674500326105,0.000142388632735028,0.998170102571981,2.40406922081615e-06,0.992777639147169,0.00721995678360979,1,1
"PCB113",113,0.00168745550248523,2.39959423734605e-06,0.990929662605479,0.00720651740882734,0.000173964888971305,0.998138579608543,2.40406922081615e-06,0.992777639147169,0.00721995678360979,1,1
"PCB114",114,0.00130707475555133,1.8586854862734e-06,0.991998296224612,0.00663274861372688,6.0021720623069e-05,0.998632903523826,1.86122996720291e-06,0.993356310135785,0.00664182863424812,1,1
"PCB115",115,0.0017425993684934,2.47800987728637e-06,0.990850314712047,0.00726926770549038,0.000135340204091727,0.998122060427415,2.48267218562952e-06,0.992714572692388,0.00728294463542619,1,1
"PCB116",116,0.00171479627964325,2.43847334924935e-06,0.99088449310904,0.0072377844179111,0.000160487720056014,0.998124716000301,2.44305477077137e-06,0.99274617412514,0.00725138282008931,1,1
"PCB117",117,0.00171484727523476,2.43854586596303e-06,0.990913960598238,0.00723799965927943,0.000130753921381559,0.998154398803384,2.44305477077137e-06,0.99274617412514,0.00725138282008931,1,1
"PCB118",118,0.00130708424665171,1.85869898280101e-06,0.992005499451028,0.00663279677629955,5.27608270375741e-05,0.998640154926311,1.86122996720291e-06,0.993356310135785,0.00664182863424812,1,1
"PCB119",119,0.00174253693431633,2.47792109468363e-06,0.990814814341096,0.00726900726080337,0.000171163542689731,0.998086299522994,2.48267218562952e-06,0.992714572692388,0.00728294463542619,1,1
"PCB120",120,0.00128618693255126,1.8289825995141e-06,0.992006670003453,0.00660385005158373,0.000101464029812394,0.998612349037636,1.83152411571587e-06,0.993385141851541,0.00661302662434314,1,1
"PCB121",121,0.00171455193592004,2.43812588776709e-06,0.990743300590029,0.00723675309587393,0.000302956252289268,0.997982491811791,2.44305477077137e-06,0.99274617412514,0.00725138282008931,1,1
"PCB122",122,0.00128625066206398,1.82907322410909e-06,0.992055823124273,0.0066041772669637,5.19198734756124e-05,0.99866182946446,1.83152411571587e-06,0.993385141851541,0.00661302662434314,1,1
"PCB123",123,0.00130705757541334,1.85866105578616e-06,0.991985257438925,0.006632661433146,7.31648914600656e-05,0.998619777533126,1.86122996720291e-06,0.993356310135785,0.00664182863424812,1,1
"PCB124",124,0.00128622673363071,1.82903919741594e-06,0.992037367668999,0.00660405440785101,7.05221503219413e-05,0.998643251116048,1.83152411571587e-06,0.993385141851541,0.00661302662434313,1,1
"PCB125",125,0.00171480377974214,2.43848401453448e-06,0.990888826995097,0.00723781607420725,0.000156114666939109,0.998129081553319,2.44305477077137e-06,0.99274617412514,0.00725138282008931,1,1
"PCB126",126,0.000949182989280047,1.34975649900626e-06,0.993025602547012,0.0059985054399933,2.53592672159496e-05,0.999025457743504,1.35107317690877e-06,0.993994291987269,0.00600435693955398,1,1
"PCB127",127,0.000964542802014737,1.37159844865802e-06,0.992960571265449,0.00602441130793203,4.91030261559444e-05,0.998986354171829,1.37299017442044e-06,0.993968102886274,0.00603052412355155,1,1
"PCB128",128,0.000489316062613702,6.95816868865245e-07,0.993870892892102,0.00562228145720114,1.68137712142093e-05,0.999493870166172,6.96169220877324e-07,0.994374175328224,0.0056251285025554,1,1
"PCB129",129,0.000481505379463726,6.84709926934738e-07,0.993897602171676,0.00559788863242243,2.23191065106742e-05,0.999496175514026,6.8505507445549e-07,0.994398604537461,0.00560071040746456,1,1
"PCB130",130,0.000481504423754377,6.8470856789763e-07,0.993895629447651,0.00559787752152995,2.4303898496432e-05,0.999494191677749,6.8505507445549e-07,0.994398604537461,0.00560071040746456,1,1
"PCB131",131,0.000505302004449525,7.18549186162677e-07,0.993782901785409,0.00567118913911464,3.98885218406407e-05,0.99945480947371,7.18941146064471e-07,0.994324998354565,0.00567428270428851,1,1
"PCB132",132,0.000505305279189926,7.18553842906623e-07,0.993789342252674,0.00567122589272343,3.34080215702202e-05,0.99946128669924,7.18941146064471e-07,0.994324998354565,0.00567428270428851,1,1
"PCB133",133,0.000473817301961294,6.73777332597326e-07,0.993919965781978,0.00557357726521575,3.19658735125597e-05,0.999494216824526,6.74118290286832e-07,0.994422928168351,0.00557639771335891,1,1
"PCB134",134,0.00049724044107725,7.0708548772226e-07,0.993818192124492,0.00564663289244091,3.72274565017645e-05,0.999465532102421,7.07463604307468e-07,0.994349640086088,0.00564965245030807,1,1
"PCB135",135,0.000497237303494348,7.07081026018921e-07,0.993811921140257,0.00564659726223597,4.35372129868598e-05,0.999459225483519,7.07463604307468e-07,0.994349640086088,0.00564965245030807,1,1
"PCB136",136,0.000521814408279781,7.42030142559723e-07,0.993702919917393,0.00572056832711127,5.39553170733206e-05,0.999424230274647,7.42457627183813e-07,0.994275393587684,0.00572386395468842,1,1
"PCB137",137,0.000489309558189474,6.95807619448671e-07,0.993857681476397,0.00562220672083641,3.01064369577213e-05,0.999480584004853,6.96169220877324e-07,0.994374175328224,0.0056251285025554,1,1
"PCB138",138,0.000489313979967257,6.95813907301874e-07,0.993866662739366,0.00562225752742368,2.10699393354768e-05,0.999489616080697,6.96169220877323e-07,0.994374175328224,0.0056251285025554,1,1
"PCB139",139,0.000513487720382277,7.30189431936182e-07,0.993734943697509,0.00569577956195309,5.50588307235663e-05,0.999431453448894,7.30604814783849e-07,0.994300249675226,0.00569901971995955,1,1
"PCB140",140,0.000489300275743207,6.9579441963123e-07,0.993838827500685,0.00562210006477193,4.90763643801648e-05,0.999461623359877,6.96169220877323e-07,0.994374175328224,0.0056251285025554,1,1
"PCB141",141,0.000481502782495999,6.84706233996594e-07,0.993892241650057,0.00559785844057673,2.77124206364477e-05,0.999490784796867,6.8505507445549e-07,0.994398604537461,0.00560071040746456,1,1
"PCB142",142,0.00050529595437898,7.18540582845793e-07,0.993771003046418,0.00567112123696094,5.18612216588751e-05,0.999442842823962,7.18941146064471e-07,0.994324998354566,0.00567428270428851,1,1
"PCB143",143,0.000505297647096109,7.18542989922164e-07,0.993774332131451,0.00567114023494415,4.85114435183923e-05,0.999446190909385,7.18941146064471e-07,0.994324998354565,0.00567428270428851,1,1
"PCB144",144,0.000505297533950568,7.18542829027024e-07,0.993774109606895,0.00567113896507038,4.87353512550214e-05,0.999445967114794,7.18941146064471e-07,0.994324998354565,0.00567428270428851,1,1
"PCB145",145,0.000530261602988644,7.54042216190865e-07,0.993643691716518,0.00574530767259699,7.99849656805848e-05,0.999389753431331,7.54502648843373e-07,0.994250429629597,0.0057488158677542,1,1
"PCB146",146,0.000481501729064218,6.84704735996304e-07,0.993890067212623,0.00559784619358211,2.99001599950368e-05,0.999488598110941,6.8505507445549e-07,0.994398604537461,0.00560071040746456,1,1
"PCB147",147,0.000505295893969611,7.18540496942506e-07,0.993770884238662,0.00567112055896451,5.19807679073807e-05,0.999442723338123,7.18941146064471e-07,0.994324998354565,0.00567428270428851,1,1
"PCB148",148,0.000505286400561732,7.18526997133589e-07,0.993752213451,0.00567101401097701,7.0767610463952e-05,0.999423945988974,7.18941146064471e-07,0.994324998354565,0.00567428270428851,1,1
"PCB149",149,0.000505302417844591,7.18549774018425e-07,0.993783714813943,0.0056711937787986,3.90704396397438e-05,0.999455627142516,7.18941146064471e-07,0.994324998354565,0.00567428270428851,1,1
"PCB150",150,0.000530258359892729,7.54037604445988e-07,0.993637614561808,0.00574527253412244,8.61005065720167e-05,0.999383641133535,7.54502648843374e-07,0.994250429629597,0.0057488158677542,1,1
"PCB151",151,0.000497236126111852,7.07079351758326e-07,0.993809567944404,0.00564658389195033,4.59049581825064e-05,0.999456858915706,7.07463604307468e-07,0.994349640086088,0.00564965245030807,1,1
"PCB152",152,0.000521805190762355,7.42017035072347e-07,0.993685366791541,0.00572046727693443,7.16187237269289e-05,0.999406576085511,7.42457627183813e-07,0.994275393587684,0.00572386395468842,1,1
"PCB153",153,0.000489311220541364,6.95809983345087e-07,0.993861057950792,0.00562222582139517,2.67091972880525e-05,0.999483979582171,6.96169220877324e-07,0.994374175328224,0.0056251285025554,1,1
"PCB154",154,0.000513483155942236,7.301829412145e-07,0.993726110295293,0.00569572893163952,6.39474341838211e-05,0.999422569409874,7.30604814783849e-07,0.994300249675226,0.00569901971995955,1,1
"PCB155",155,0.00053882411132042,7.66218268015579e-07,0.993544950903111,0.00576992452010843,0.00014553424719209,0.999315641641488,7.66742994993033e-07,0.99422535733665,0.00577387592035554,1,1
"PCB156",156,0.000366827490155456,5.21635758798241e-07,0.994494472720055,0.00512725579935616,1.09223546743978e-05,0.99962225015517,5.21832881088099e-07,0.99487028481577,0.00512919335134873,1,1
"PCB157",157,0.000366827670483147,5.21636015227693e-07,0.994494961600789,0.00512725831984938,1.04307728635782e-05,0.999622741556653,5.21832881088099e-07,0.99487028481577,0.00512919335134873,1,1
"PCB158",158,0.000489311190413956,6.95809940503332e-07,0.993860996757718,0.00562222547522879,2.67707666983666e-05,0.999483918042888,6.96169220877324e-07,0.994374175328224,0.0056251285025554,1,1
"PCB159",159,0.000372774149948126,5.3009202359985e-07,0.994457638337579,0.00514954549225053,1.95119281985628e-05,0.999607713921853,5.30300052927854e-07,0.994847903319925,0.00515156638002206,1,1
"PCB160",160,0.000481499709899476,6.84701864705137e-07,0.993885899360962,0.00559782271916243,3.40935081115632e-05,0.999484406781989,6.8505507445549e-07,0.994398604537461,0.00560071040746456,1,1
"PCB161",161,0.000481494234869144,6.84694079106515e-07,0.993874598096737,0.00559775906751622,4.54639067981542e-05,0.999473041858333,6.8505507445549e-07,0.994398604537461,0.00560071040746456,1,1
"PCB162",162,0.00037277527532241,5.30093623903766e-07,0.994460640522826,0.00514956103830188,1.64930699255934e-05,0.999610731654752,5.30300052927854e-07,0.994847903319925,0.00515156638002206,1,1
"PCB163",163,0.00048150341236629,6.84707129684284e-07,0.993893541794558,0.0055978657633272,2.64043226185714e-05,0.999492092265015,6.8505507445549e-07,0.994398604537461,0.00560071040746456,1,1
"PCB164",164,0.000481502596867998,6.8470597003e-07,0.993891858486683,0.00559785628250141,2.80979279773566e-05,0.999490399475155,6.8505507445549e-07,0.994398604537461,0.00560071040746456,1,1
"PCB165",165,0.000473811969535918,6.737697497857e-07,0.993908780027415,0.00557351453917193,4.32196941271635e-05,0.999482968336337,6.74118290286832e-07,0.994422928168351,0.00557639771335892,1,1
"PCB166",166,0.000489309693247499,6.95807811503785e-07,0.993857955798559,0.00562220827266413,2.98304277183298e-05,0.999480859879034,6.96169220877324e-07,0.994374175328224,0.0056251285025554,1,1
"PCB167",167,0.000366826521949054,5.21634381990083e-07,0.994491847846128,0.00512724226645031,1.35617310908101e-05,0.99961961174696,5.21832881088099e-07,0.99487028481577,0.00512919335134873,1,1
"PCB168",168,0.000489302399797737,6.95797440077697e-07,0.993843141759165,0.00562212447033167,4.47355732656676e-05,0.999465962026937,6.96169220877324e-07,0.994374175328224,0.0056251285025554,1,1
"PCB169",169,0.000288581500938745,4.10368454538463e-07,0.994967711263738,0.00473687144528354,6.42542158524297e-06,0.999704993077476,4.10489551797867e-07,0.99526132024293,0.00473826926751825,1,1
"PCB170",170,0.000138510403024083,1.96964461829996e-07,0.995503731562514,0.0043533692324791,4.19183752042991e-06,0.999857297759455,1.9699257311155e-07,0.99564581245074,0.00435399055668685,1,1
"PCB171",171,0.000145362550167137,2.06708347090202e-07,0.995435288942158,0.00441057939283508,8.56240649226615e-06,0.999846075043341,2.06740169561842e-07,0.995588534864238,0.00441125839559243,1,1
"PCB172",172,0.000136298471499985,1.93819052584649e-07,0.995523427961241,0.00433445098429628,5.62876391012767e-06,0.99985807276459,1.9384656469167e-07,0.995664739905171,0.00433506624826421,1,1
"PCB173",173,0.000143041401843584,2.03407629451711e-07,0.995456431866022,0.00439141891620098,8.90440830386023e-06,0.999848054189853,2.03438541085652e-07,0.995607710286151,0.00439208627530832,1,1
"PCB174",174,0.000143041495040429,2.0340776197942e-07,0.99545708044327,0.00439142177737531,8.25287655261988e-06,0.999848705628407,2.03438541085652e-07,0.995607710286151,0.00439208627530832,1,1
"PCB175",175,0.000143041115750718,2.03407222622143e-07,0.995454440883128,0.00439141013305421,1.0904460844045e-05,0.999846054423405,2.03438541085652e-07,0.995607710286151,0.00439208627530832,1,1
"PCB176",176,0.000143040632454012,2.03406535364915e-07,0.995451077515542,0.00439139529568356,1.42831497851974e-05,0.999842676217761,2.03438541085652e-07,0.995607710286151,0.00439208627530832,1,1
"PCB177",177,0.000150118326237605,2.13471152293656e-07,0.9953921533553,0.00444914770757682,8.36713973294399e-06,0.99984151453403,2.13504989731441e-07,0.995549933550416,0.00444985294459425,1,1
"PCB178",178,0.000143041185952697,2.0340732245071e-07,0.995454929434075,0.00439141228827849,1.04136843714685e-05,0.999846545129676,2.03438541085652e-07,0.995607710286151,0.00439208627530832,1,1
"PCB179",179,0.000140756768492417,2.00158836807499e-07,0.995473691769639,0.00437232461967924,1.30266833524336e-05,0.999846216548155,2.00189622658695e-07,0.995626802696107,0.00437299711427038,1,1
"PCB180",180,0.000147721747886087,2.1006317170206e-07,0.995416733159737,0.00442983498113244,5.50004807244572e-06,0.999846778204042,2.10095362890884e-07,0.995569276072218,0.00443051383241886,1,1
"PCB181",181,0.00014536213504979,2.06707756785337e-07,0.995432446239856,0.00441056679737625,1.141811996108e-05,0.999843219744989,2.06740169561842e-07,0.995588534864238,0.00441125839559243,1,1
"PCB182",182,0.000145361941084836,2.06707480963436e-07,0.995431117977801,0.00441056091210645,1.27524615269234e-05,0.999841885597388,2.06740169561842e-07,0.995588534864238,0.00441125839559243,1,1
"PCB183",183,0.000145362342547302,2.06708051850797e-07,0.99543386717218,0.00441057309324992,9.9906839707499e-06,0.999844646973482,2.06740169561842e-07,0.995588534864238,0.00441125839559243,1,1
"PCB184",184,0.000152551897984343,2.16931738206019e-07,0.99535525728648,0.00446848933696755,2.34845468297521e-05,0.999823963555186,2.16969932821625e-07,0.995530506937625,0.00446927609244176,1,1
"PCB185",185,0.000143041179077082,2.03407312673453e-07,0.995454881585164,0.0043914120771948,1.04617512516836e-05,0.999846497069671,2.03438541085652e-07,0.995607710286151,0.00439208627530832,1,1
"PCB186",186,0.000150116794704356,2.13468974423868e-07,0.995381998191594,0.00444910231659883,1.85692281282578e-05,0.999831313977167,2.13504989731441e-07,0.995549933550416,0.00444985294459425,1,1
"PCB187",187,0.000143041259531131,2.03407427080661e-07,0.995455441482506,0.00439141454716104,9.89930337520544e-06,0.999847059437094,2.03438541085652e-07,0.99560771028615,0.00439208627530832,1,1
"PCB188",188,0.00015011622315798,2.13468161673909e-07,0.995378208429263,0.00444908537733291,2.23765020841335e-05,0.999827507274758,2.13504989731441e-07,0.995549933550416,0.00444985294459425,1,1
"PCB189",189,0.000109095706618937,1.55136196798344e-07,0.995790913196693,0.00407427904442439,2.5556916067291e-05,0.999865347377314,1.55157089107321e-07,0.995925017112246,0.00407482773066532,1,1
"PCB190",190,0.000138510237383108,1.96964226285338e-07,0.995502541065589,0.00435336402639848,5.38770640263454e-06,0.999856102056214,1.9699257311155e-07,0.99564581245074,0.00435399055668685,1,1
"PCB191",191,0.000138510098752855,1.96964029150448e-07,0.995501544700473,0.00435335966926239,6.38856748243475e-06,0.999855101333765,1.9699257311155e-07,0.99564581245074,0.00435399055668685,1,1
"PCB192",192,0.000136298005861152,1.93818390437257e-07,0.995520026937282,0.00433443617643618,9.04506202974632e-06,0.999854656932109,1.9384656469167e-07,0.995664739905171,0.00433506624826421,1,1
"PCB193",193,0.000136298373915195,1.93818913817197e-07,0.995522715202367,0.00433444788098568,6.34472381831173e-06,0.999857356902267,1.9384656469167e-07,0.995664739905171,0.00433506624826421,1,1
"PCB194",194,3.56267763810764e-05,5.06619624478044e-08,0.996682945932633,0.00328049695108266,8.79677940537277e-07,0.999963493545678,5.0663812003943e-08,0.996719332621421,0.0032806167147669,1,1
"PCB195",195,3.73901005170763e-05,5.31694433437965e-08,0.996637288633236,0.00332368412908156,1.58396772253616e-06,0.99996102593176,5.3171515654076e-08,0.996676133156862,0.00332381367162241,1,1
"PCB196",196,3.73900945034408e-05,5.3169434792291e-08,0.996637128339114,0.00332368359451694,1.74480243079309e-06,0.999960865103066,5.3171515654076e-08,0.996676133156862,0.00332381367162241,1,1
"PCB197",197,3.92406259013916e-05,5.58009260950309e-08,0.996589770983755,0.00336743356573977,3.49902367732404e-06,0.999957260350421,5.58033111089931e-08,0.996632366701867,0.00336757749482182,1,1
"PCB198",198,3.67928137286291e-05,5.23200900224853e-08,0.996651904741663,0.00330922359610838,2.0265284100643e-06,0.999961180657861,5.2322121132807e-08,0.9966905956149,0.00330935206297837,1,1
"PCB199",199,3.67927785122481e-05,5.23200399441129e-08,0.996650950792517,0.00330922042867247,2.98368025882917e-06,0.999960223541229,5.2322121132807e-08,0.9966905956149,0.00330935206297837,1,1
"PCB200",200,3.86138125881413e-05,5.49095854865516e-08,0.99660528005195,0.00335278569616271,3.2655297132885e-06,0.999958120657699,5.49118851601866e-08,0.996647018973612,0.00335292611450317,1,1
"PCB201",201,3.86138701818722e-05,5.49096673859466e-08,0.996606766520456,0.00335279069694932,1.77400274522e-06,0.999959612127073,5.49118851601867e-08,0.996647018973612,0.00335292611450317,1,1
"PCB202",202,3.79970106999156e-05,5.40324813173507e-08,0.996620762394033,0.00333820145246131,2.98511032453685e-06,0.999959017878976,5.40346957737924e-08,0.99666160770066,0.00333833826464409,1,1
"PCB203",203,3.56267441086529e-05,5.06619165557964e-08,0.996682043089958,0.00328049397945296,1.78552456370988e-06,0.999962587731328,5.0663812003943e-08,0.996719332621421,0.0032806167147669,1,1
"PCB204",204,3.34041815899188e-05,4.7501389831245e-08,0.996738733212552,0.00322376923570515,4.04586876263923e-06,0.999962549949647,4.75031688273095e-08,0.996776062526284,0.00322388997054688,1,1
"PCB205",205,3.56267675123329e-05,5.06619498362802e-08,0.996682697823591,0.00328049613445289,1.12861249453919e-06,0.999963244619993,5.0663812003943e-08,0.996719332621421,0.0032806167147669,1,1
"PCB206",206,1.04753719194801e-05,1.48961807022589e-08,0.997424313559658,0.00256485348693196,3.42685309884371e-07,0.999989181942771,1.48963418517376e-08,0.997435103869694,0.00256488123396393,1,1
"PCB207",207,1.09939652714807e-05,1.56336304407284e-08,0.997389656661085,0.00259864809131201,6.85648701423328e-07,0.999988320386027,1.56338130376296e-08,0.997401305923314,0.00259867844287307,1,1
"PCB208",208,1.08183087531452e-05,1.53838434872181e-08,0.997401165414185,0.00258733392265156,6.66970566796035e-07,0.99998851472068,1.53840201769869e-08,0.997412620976734,0.00258736363924566,1,1
"PCB209",209,3.10881052763071e-06,4.42078846886139e-09,0.997986699385295,0.00201005233233367,1.35051055341319e-07,0.999996756138417,4.42080280933379e-09,0.997989936726511,0.00201005885268636,1,1
