congener,A1254_liquid_percentage,A1254_vapor_percentage
PCB1,0,0.000116667
PCB2,0,2.66667E-05
PCB3,0,3.33333E-05
PCB4+10,0.000846773,0.002943333
PCB5,0.000732697,0.00001
PCB6,0.001359681,3.66667E-05
PCB7+9,0.000726368,0.000136666
PCB8,0.000729762,0.000466667
PCB11,0.004311934,9.66667E-05
PCB12+13,0.003030412,0.00009
PCB14,0.001211955,0.00001
PCB15,0,0.00004
PCB16,0,0.00164
PCB17,0.038242322,0.001073333
PCB18+30,0.0418587,0.010256667
PCB19,0,4.33333E-05
PCB20+21+28+33+31,0.162048865,0.264283333
PCB22,0.003019843,0.01609
PCB23+34,0,0.00001
PCB24+27,0,7.66666E-05
PCB25+26+29,0,0.006336667
PCB32,0,0.002273333
PCB35,0,0.004733333
PCB36,0,0.013436667
PCB37,0,0.054003333
PCB38,0.015228218,0.14733
PCB39,0,0.00305
PCB40+41+71,0.332550766,0.8556
PCB42+44+47+48+59+62+65+75,1.237960409,3.541083334
PCB43+52,1.651060932,5.446136667
PCB45,0.046935988,0.09465
PCB46,0.012884482,0.044346667
PCB49+69,0.495980777,1.420506667
PCB50+53,0.091238696,0.165243333
PCB51,0,0.017346667
PCB54,0,0.000116667
PCB55,0.002566631,0.025446667
PCB56+60,2.387624735,4.275716667
PCB57,0,0.039916667
PCB58,0,0.00124
PCB61+63+70+74+76,9.580807437,20.11787
PCB64+72,0.411557843,1.301056666
PCB66,3.028481604,6.989773333
PCB67,0,0.01361
PCB68+96,0,0.055776667
PCB73,0,7.33333E-05
PCB77,0.081376952,0.107723333
PCB78,0,0.000696667
PCB79,0,0.03171
PCB80,0,0.001096667
PCB81,0.099708851,0.008796667
PCB82,1.409291124,1.22233
PCB83+86+97+109+112+119,3.58196692,3.328923334
PCB84+92,2.483389844,4.107346666
PCB85+87+111+116+125,4.972752931,5.10757
PCB88+121,0,0.013626667
PCB89,0.034799157,0.138906667
PCB90+101+113,5.670551091,8.201176667
PCB91,0.645377319,1.191473333
PCB93+98+100+102,0.153940551,0.199650001
PCB94,0.008447422,0.027953333
PCB95,1.173665725,5.654183333
PCB99,4.507622061,5.994016667
PCB103,0,0.0225
PCB104,0,0.0002
PCB105,8.703220115,2.694493333
PCB106,0,0.109236667
PCB107+108+123+124,1.818235163,0.660663333
PCB110,7.809859054,8.490516667
PCB114,0.514825611,0.16812
PCB115,0.27657494,0.153856667
PCB117,0.166324226,2.001863333
PCB118,12.58816378,5.221943333
PCB120,0,0.00077
PCB122,0.202955987,0.09432
PCB126,0,0.000803333
PCB127,0,0.004416667
PCB128+162+166,1.555813734,0.003543333
PCB129+138+158+160+163+164,7.590150817,0.025026666
PCB130,0.406071155,0.00138
PCB131+142,0.066812545,0.000833333
PCB132+153+168,5.025780167,0.026193333
PCB133,0.010712099,0.000236667
PCB134+139+140+147+149,2.462789399,0.022753333
PCB135+144+151,0.714923442,0.007683334
PCB136,0.287245017,0.005486667
PCB137,0.636990295,0.002156667
PCB141,0.890114623,0.002806667
PCB143,0.004139534,9.33333E-05
PCB145,0,5.33333E-05
PCB146+161,0.432226326,0.002236667
PCB148,0,2.33333E-05
PCB150,0,4.33333E-05
PCB152,0,7.33333E-05
PCB154,0.005536844,0.000366667
PCB155,0,0
PCB156+157,1.694548572,0.001353333
PCB159,0,0.00001
PCB165,0,0
PCB167,0.409132948,0.000406667
PCB169,0,0
PCB170+190,0.534335486,0.00024
PCB171+173,0.037595013,0.000176667
PCB172,0,3.33333E-05
PCB174+181,0.159058531,0.000303334
PCB175,0,2.66667E-05
PCB176,0,0.000113333
PCB177,0.061547176,0.000163333
PCB178,0,5.33333E-05
PCB179,0,0.000206667
PCB180+193,0.467771863,0.000313333
PCB182+187,0.043814235,0.000246667
PCB183,0.045093887,0.000256667
PCB184,0,0.00001
PCB185,0,1.33333E-05
PCB186,0,0
PCB188,0,3.33333E-06
PCB189,0,3.33333E-06
PCB191,0,0.00001
PCB192,0,0
PCB194,0,0
PCB195,0,0
PCB196+203,0,0.00001
PCB197,0,0
PCB198+199,0,6.66667E-06
PCB200,0,0
PCB201,0,0
PCB202,0.001749643,0
PCB205,0,0
PCB206,0,0
PCB207,0,0
PCB208,0,0
PCB209,0,0
