congener,A1254_fraction
PCB1,0.000304723
PCB2,0
PCB3,0.000203149
PCB4,0.000101574
PCB5,0
PCB6,0.000101574
PCB7,0
PCB8,0.000304723
PCB9,0
PCB10,0
PCB11,0
PCB12/13,0
PCB15,0.000101574
PCB16,0.000203149
PCB17,0.000101574
PCB18/30,0.000609446
PCB19,0
PCB20/28,0.000609446
PCB21/33,0.000304723
PCB22,0.000203149
PCB23,0
PCB24,0
PCB25,0
PCB26/29,0.000101574
PCB27,0
PCB31,0.001422042
PCB32,0.000101574
PCB34,0
PCB35,0.000101574
PCB36,0
PCB37,0.000203149
PCB38,0
PCB39,0
PCB40/71,0.002640934
PCB41,0.000203149
PCB42,0.001218893
PCB43,0.000203149
PCB44/47/65,0.00853225
PCB45,0.00091417
PCB46,0.000203149
PCB48,0.000812595
PCB49/69,0.004672423
PCB50/53,0.000812595
PCB51,0.000101574
PCB52,0.015947181
PCB54,0
PCB55,0.000203149
PCB56,0.014017268
PCB57,0
PCB58,0
PCB59/62/75,0.000304723
PCB60,0.007313357
PCB61/70/74/76,0.085728796
PCB63,0.000812595
PCB64,0.004164551
PCB66,0.030777044
PCB67,0.000203149
PCB68,0
PCB72,0
PCB73,0
PCB77,0.001422042
PCB78,0
PCB79,0.000711021
PCB80,0
PCB81,0
PCB82,0.014017268
PCB83,0.002437786
PCB84,0.015439309
PCB85/116,0.021635348
PCB86/97/109/119,0.022447943
PCB87/125,0.036058913
PCB88,0
PCB89,0.000609446
PCB90/101/113,0.060639919
PCB91,0.005281869
PCB92,0.007008634
PCB93/100,0.000203149
PCB94,0.000101574
PCB95,0.022752666
PCB96,0.000203149
PCB98,0
PCB99,0.045708481
PCB102,0.00091417
PCB103,0.000101574
PCB104,0
PCB105,0.078009142
PCB106,0
PCB107,0.008125952
PCB108/124,0.004875571
PCB110,0.085525648
PCB111,0
PCB112,0
PCB114,0.004367699
PCB115,0
PCB117,0
PCB118,0.141289995
PCB120,0
PCB121,0
PCB122,0.002133062
PCB123,0.002742509
PCB126,0.000203149
PCB127,0
129/138/163,0.070797359
PCB130,0.003656679
PCB131,0.00091417
PCB132,0.016556628
PCB133,0.000406298
PCB134,0.002133062
PCB135/151,0.005180295
PCB136,0.00253936
PCB137,0.00599289
PCB139/140,0.001218893
PCB141,0.006703911
PCB142,0
PCB143,0.000203149
PCB144,0.001218893
PCB145,0
PCB146,0.004469274
PCB147/149,0.020518029
PCB148,0
PCB150,0
PCB152,0
PCB153/168,0.037074657
PCB154,0.000203149
PCB155,0
PCB156/157,0.016455053
PCB158,0.008329101
PCB159,0
PCB160,0
PCB161,0
PCB162,0.000304723
PCB164,0.002742509
PCB165,0
PCB167,0.003656679
PCB169,0
PCB170,0.004570848
PCB171/173,0.001218893
PCB172,0.000406298
PCB174,0.00162519
PCB175,0.000101574
PCB176,0.000203149
PCB177,0.001015744
PCB178,0.000203149
PCB179,0.000304723
PCB180/193,0.004875571
PCB181,0.000101574
PCB182,0
PCB183,0.001218893
PCB184,0
PCB185,0.000101574
PCB186,0
PCB187,0.001015744
PCB188,0
PCB189,0.000304723
PCB190,0.000711021
PCB191,0.000203149
PCB192,0
PCB194,0.000203149
PCB195,0.000101574
PCB196,0.000101574
PCB197,0
PCB198/199,0.000101574
PCB200,0
PCB201,0
PCB202,0
PCB203,0.000101574
PCB205,0
PCB206,0.000101574
PCB207,0
PCB208,0
PCB209,0
