congener,A1254_fractionV1,A1254_fractionV2
PCB1,0.01645393,
PCB2,,
PCB3,,
PCB4,0.018346112,0.057873587
PCB5,,
PCB6,0.008080047,0.020255588
PCB7,,
PCB8,0.053095431,0.133211051
PCB9,,
PCB10,,
PCB11,,
PCB12,,
PCB13,,
PCB14,,
PCB15,0.012473528,0.028036798
PCB16,0.018317722,0.088795394
PCB17,0.020307235,0.084964149
PCB18,0.081952366,0.253347682
PCB19,,
PCB20,,
PCB21,, 
PCB22,0.02214729,0.038238011
PCB23,,
PCB24,,
PCB25,,
PCB26, ,0.034506636
PCB27,,
PCB28,0.059718023,0.19368623
PCB29,,
PCB30,,
PCB31,0.110856515,0.281995729
PCB32,0.014607467,0.054961037
PCB33,0.050091582,0.162473941
PCB34,,
PCB35,,
PCB36,,
PCB37,0.013513456,0.06986015
PCB38,,
PCB39,,
PCB40,0.154904401,0.118890489
PCB41,0.018728871,0.013441379
PCB42,0.093145031,0.147916419
PCB43,,
PCB44,0.669178994,2.311615174
PCB45,0.022276389,0.049037721
PCB46,,
PCB47,0.06787404,0.144235604
PCB48,0.053449186,0.119845871
PCB49,0.264999162,1.095818333
PCB50,,
PCB51,,
PCB52,0.825206556,5.379300551
PCB53,0.043193466,0.116982696
PCB54,,
PCB55,,
PCB56,1.695481233,0.548776839
PCB57,,
PCB58,,
PCB59,0.006653292,0.023249584
PCB60,0.949633323,0.17958535
PCB61,,
PCB62,,
PCB63,0.07,0.02
PCB64,0.363880483,0.587261441
PCB65,,
PCB66,3.559593389,1.006922045
PCB67,0.00701634,
PCB68,,
PCB69,,
PCB70,6.825336491,3.488789705
PCB71,0.109507628,0.153957053
PCB72,,
PCB73,,
PCB74,2.188831398,0.836173357
PCB75,,
PCB76,0.03,0.02
PCB77,0.201692237,0.028280607
PCB78,,
PCB79,,
PCB80,,
PCB81,0.002853294,
PCB82,1.526922002,1.106078266
PCB83,0.56,0.48
PCB84,1.577011077,2.320728263
PCB85,2.490129824,1.276829252
PCB86,0.103971451,0.060122263
PCB87,3.40859219,3.993847145
PCB88,,
PCB89,0.11,0.09
PCB90,NM,NM
PCB91,0.52745287,0.927690899
PCB92,0.57474475,1.293298592
PCB93,,
PCB94,0.005702172,0.023993706
PCB95,1.844007032,6.253820912
PCB96,0.011869345,0.04451202
PCB97,2.775333942,2.620705948
PCB98,,
PCB99,4.530016415,3.023419034
PCB100,,
PCB101,5.49444867,8.024319232
PCB102,0.086212917,0.152505435
PCB103,,0.025137135
PCB104,,
PCB105,7.370369148,2.993665609
PCB106,,
PCB107,,
PCB108,,
PCB109,0.78,0.37
PCB110,8.420740478,9.28913383
PCB111,, 
PCB112,,
PCB113,0.011704731,
PCB114,0.504020387,0.18246058
PCB115,0.37191109,0.1998
PCB116,,
PCB117,0.193022262,0.231345018
PCB118,13.59022077,7.353292092
PCB119,0.12,0.08
PCB120,,
PCB121,,
PCB122,0.251236903,0.096595275
PCB123,0.32,0.15
PCB124,0.466859036,0.287441568
PCB125,0.034488608,0.021249101
PCB126,0.015847987,0.001697941
PCB127,,
PCB128,1.708974535,1.420373724
PCB129,0.394653243,0.380360978
PCB130,0.498888929,0.598539785
PCB131,0.140760336,0.189348424
PCB132,1.497,2.289
PCB133,,0.108496978
PCB134,0.203852514,0.373628504
PCB135,0.278098684,0.608908909
PCB136,0.243788846,0.699395984
PCB137,0.524603,0.423710612
PCB138,5.954715795,5.798445071
PCB139,0.137260538,0.14839947
PCB140,,
PCB141,0.694232116,0.984347093
PCB142,,
PCB143,,
PCB144,0.120634111,0.237741207
PCB145,,
PCB146,0.452955392,0.671079879
PCB147,0.023632144,0.101995342
PCB148,,
PCB149,1.822972987,3.654829061
PCB150,,
PCB151,0.218244672,0.685573783
PCB152,,
PCB153,3.293,3.771
PCB154,0.021864754,0.037287143
PCB155,,
PCB156,1.125363657,0.817467091
PCB157,0.304610435,0.190806999
PCB158,0.896729754,0.81240857
PCB159,,
PCB160,,
PCB161,,
PCB162,,
PCB163,0.70351319,1.030634758
PCB164,0.313731023,0.40414905
PCB165,,
PCB166,0.050644011,0.0477151
PCB167,0.345677024,0.272266486
PCB168,,
PCB169,,
PCB170,0.353139263,0.519976918
PCB171,0.07948233,0.135963369
PCB172,0.02788175,0.069376223
PCB173,,
PCB174,0.137118011,0.3407863
PCB175,,
PCB176,0.008999198,0.042092875
PCB177,0.079380551,0.202458112
PCB178,,0.033602315
PCB179,0.021135084,0.102800017
PCB180,0.418690741,0.674823466
PCB181,,
PCB182,,
PCB183,0.0941914,0.176113219
PCB184,,
PCB185,,
PCB186,,
PCB187,0.086392473,0.252435905
PCB188,,
PCB189,0.009055922,0.010613868
PCB190,0.047801211,0.074751767
PCB191,,
PCB192,,
PCB193,,0.027043412
PCB194,,0.013736009
PCB195,,
PCB196,,
PCB197,,
PCB198,,
PCB199,,0.013667923
PCB200,,
PCB201,,
PCB202,,
PCB203,,0.016871829
PCB204,,
PCB205,,
PCB206,0.029151072,0.030812707
PCB207,,
PCB208,0.013586683,0.012989422
PCB209,,
