congener,dUaw,logKair.water
PCB1,47734.74,-1.914554861
PCB2,48734.74,-1.932554861
PCB3,48734.74,-1.950554861
PCB4,49662.48,-1.871554861
PCB5,50662.48,-2.010554861
PCB6,50662.48,-1.874554861
PCB7,50662.48,-1.812554861
PCB8,50662.48,-1.906554861
PCB9,50662.48,-1.878554861
PCB10,49662.48,-1.761554861
PCB11,51662.48,-1.925554861
PCB12,51662.48,-2.019554861
PCB13,51662.48,-1.983554861
PCB14,51662.48,-1.764554861
PCB15,51662.48,-2.037554861
PCB16,52590.22,-1.988554861
PCB17,52590.22,-1.816554861
PCB18,52590.22,-1.883554861
PCB19,51590.22,-1.743554861
PCB20,53590.22,-2.051554861
PCB21,53590.22,-2.032554861
PCB22,53590.22,-2.107554861
PCB23,53590.22,-1.885554861
PCB24,52590.22,-1.888554861
PCB25,53590.22,-1.888554861
PCB26,53590.22,-1.914554861
PCB27,52590.22,-1.781554861
PCB28,53590.22,-1.932554861
PCB29,53590.22,-1.917554861
PCB30,52590.22,-1.630554861
PCB31,53590.22,-1.950554861
PCB32,52590.22,-1.795554861
PCB33,53590.22,-2.008554861
PCB34,53590.22,-1.763554861
PCB35,54590.22,-1.763054861
PCB36,54590.22,-1.861554861
PCB37,54590.22,-2.206554861
PCB38,54590.22,-2.022554861
PCB39,54590.22,-1.912554861
PCB40,55517.96,-2.126554861
PCB41,55517.96,-2.000554861
PCB42,55517.96,-1.980554861
PCB43,55517.96,-1.863554861
PCB44,55517.96,-2.026554861
PCB45,54517.96,-1.838554861
PCB46,54517.96,-1.858554861
PCB47,55517.96,-1.822554861
PCB48,55517.96,-1.907554861
PCB49,55517.96,-1.840554861
PCB50,54517.96,-1.629554861
PCB51,54517.96,-1.680554861
PCB52,55517.96,-1.884554861
PCB53,54517.96,-1.754554861
PCB54,53517.96,-1.630554861
PCB55,56517.96,-2.127554861
PCB56,56517.96,-2.208554861
PCB57,56517.96,-1.956554861
PCB58,56517.96,-1.990554861
PCB59,55517.96,-1.905554861
PCB60,56517.96,-2.204554861
PCB61,56517.96,-2.011554861
PCB62,55517.96,-1.820554861
PCB63,56517.96,-2.003554861
PCB64,55517.96,-1.953554861
PCB65,55517.96,-1.861554861
PCB66,56517.96,-2.081554861
PCB67,56517.96,-2.019554861
PCB68,56517.96,-1.812554861
PCB69,55517.96,-1.684554861
PCB70,56517.96,-2.082554861
PCB71,55517.96,-1.891554861
PCB72,56517.96,-1.829554861
PCB73,55517.96,-1.672554861
PCB74,56517.96,-2.056554861
PCB75,55517.96,-1.721554861
PCB76,56517.96,-2.010554861
PCB77,57517.96,-2.377554861
PCB78,57517.96,-2.175554861
PCB79,57517.96,-2.093554861
PCB80,57517.96,-1.814554861
PCB81,57517.96,-2.232554861
PCB82,58445.7,-2.223554861
PCB83,58445.7,-2.062554861
PCB84,57445.7,-1.988554861
PCB85,58445.7,-2.104554861
PCB86,58445.7,-2.011554861
PCB87,58445.7,-2.124554861
PCB88,57445.7,-1.803554861
PCB89,57445.7,-1.914554861
PCB90,58445.7,-1.919554861
PCB91,57445.7,-1.849554861
PCB92,58445.7,-1.973554861
PCB93,57445.7,-1.856554861
PCB94,57445.7,-1.795554861
PCB95,57445.7,-1.911554861
PCB96,56445.7,-1.775554861
PCB97,58445.7,-2.133554861
PCB98,57445.7,-1.795554861
PCB99,58445.7,-1.991554861
PCB100,57445.7,-1.638554861
PCB101,58445.7,-1.998554861
PCB102,57445.7,-1.819554861
PCB103,57445.7,-1.686554861
PCB104,56445.7,-1.518554861
PCB105,59445.7,-2.391554861
PCB106,58445.7,-2.171554861
PCB107,59445.7,-2.186554861
PCB108,59445.7,-2.143554861
PCB109,58445.7,-1.938554861
PCB110,58445.7,-2.095554861
PCB111,59445.7,-1.962554861
PCB112,58445.7,-1.962554861
PCB113,58445.7,-1.875554861
PCB114,59445.7,-2.233554861
PCB115,58445.7,-1.998554861
PCB116,58445.7,-1.917554861
PCB117,58445.7,-2.006554861
PCB118,59445.7,-2.289554861
PCB119,58445.7,-1.896554861
PCB120,59445.7,-1.998554861
PCB121,58445.7,-1.641554861
PCB122,59445.7,-2.289554861
PCB123,59445.7,-2.147554861
PCB124,59445.7,-2.156554861
PCB125,58445.7,-1.929554861
PCB126,60445.7,-2.475554861
PCB127,60445.7,-2.195554861
PCB128,61373.44,-2.372554861
PCB129,61373.44,-2.242554861
PCB130,61373.44,-2.205554861
PCB131,60373.44,-2.004554861
PCB132,60373.44,-2.081554861
PCB133,61373.44,-2.079554861
PCB134,60373.44,-2.027554861
PCB135,60373.44,-1.959554861
PCB136,59373.44,-1.880554861
PCB137,61373.44,-2.119554861
PCB138,61373.44,-2.274554861
PCB139,60373.44,-1.871554861
PCB140,60373.44,-1.900554861
PCB141,61373.44,-2.148554861
PCB142,60373.44,-1.890554861
PCB143,60373.44,-1.919554861
PCB144,60373.44,-1.917554861
PCB145,59373.44,-1.716554861
PCB146,61373.44,-2.115554861
PCB147,60373.44,-1.889554861
PCB148,60373.44,-1.755554861
PCB149,60373.44,-2.013554861
PCB150,59373.44,-1.684554861
PCB151,60373.44,-1.936554861
PCB152,59373.44,-1.757554861
PCB153,61373.44,-2.171554861
PCB154,60373.44,-1.806554861
PCB155,59373.44,-1.463554861
PCB156,62373.44,-2.441554861
PCB157,62373.44,-2.461554861
PCB158,61373.44,-2.170554861
PCB159,62373.44,-2.196554861
PCB160,61373.44,-2.058554861
PCB161,61373.44,-1.933554861
PCB162,62373.44,-2.269554861
PCB163,61373.44,-2.169554861
PCB164,61373.44,-2.142554861
PCB165,61373.44,-1.948554861
PCB166,61373.44,-2.123554861
PCB167,62373.44,-2.347554861
PCB168,61373.44,-1.947554861
PCB169,63373.44,-2.574554861
PCB170,64301.18,-2.447554861
PCB171,63301.18,-2.151554861
PCB172,64301.18,-2.312554861
PCB173,63301.18,-2.127554861
PCB174,63301.18,-2.160554861
PCB175,63301.18,-2.039554861
PCB176,62301.18,-1.915554861
PCB177,63301.18,-2.175554861
PCB178,63301.18,-2.059554861
PCB179,62301.18,-1.948554861
PCB180,64301.18,-2.357554861
PCB181,63301.18,-2.026554861
PCB182,63301.18,-1.978554861
PCB183,63301.18,-2.084554861
PCB184,62301.18,-1.727554861
PCB185,63301.18,-2.057554861
PCB186,62301.18,-1.822554861
PCB187,63301.18,-2.081554861
PCB188,62301.18,-1.741554861
PCB189,65301.18,-1.565554861
PCB190,64301.18,-2.338554861
PCB191,64301.18,-2.264554861
PCB192,64301.18,-2.106554861
PCB193,64301.18,-2.260554861
PCB194,68228.92,-2.562554861
PCB195,66228.92,-2.314554861
PCB196,66228.92,-2.272554861
PCB197,65228.92,-1.984554861
PCB198,66228.92,-2.200554861
PCB199,66228.92,-2.032554861
PCB200,65228.92,-2.007554861
PCB201,65228.92,-2.272554861
PCB202,65228.92,-2.039554861
PCB203,66228.92,-2.241554861
PCB204,65228.92,-1.851554861
PCB205,67228.92,-2.447554861
PCB206,69287.94624,-2.447554861
PCB207,68287.94624,-2.160554861
PCB208,68287.94624,-2.165554861
PCB209,71084.4,-2.336554861
