"congener","logK_lipid_water","logK_protein_water","logKair_water_37C"
"PCB1",4.92957,3.31857,-1.59097349846439
"PCB10",5.39499,3.70109,-1.42490585138358
"PCB100",7.00996,4.98886,-1.24914543135166
"PCB101",7.03796,5.00926,-1.60236669195692
"PCB102",7.01696,4.99396,-1.43014543135166
"PCB103",7.01696,4.99396,-1.29714543135166
"PCB104",6.99596,4.97866,-1.1359241707464
"PCB105",7.14236,5.07906,-1.98858795256218
"PCB106",7.16336,5.09436,-1.77536669195692
"PCB107",7.16336,5.09436,-1.78358795256218
"PCB108",7.14236,5.07906,-1.74058795256218
"PCB109",7.03796,5.00926,-1.54236669195692
"PCB11",5.60379,3.84069,-1.5753483725941
"PCB110",7.03796,5.00926,-1.69936669195692
"PCB111",7.17036,5.09946,-1.55958795256218
"PCB112",7.04496,5.01436,-1.56636669195692
"PCB113",7.04496,5.01436,-1.47936669195692
"PCB114",7.15636,5.08926,-1.83058795256218
"PCB115",7.03096,5.00416,-1.60236669195692
"PCB116",7.03796,5.00926,-1.52136669195692
"PCB117",7.03796,5.00926,-1.61036669195692
"PCB118",7.15636,5.08926,-1.88658795256218
"PCB119",7.03096,5.00416,-1.50036669195692
"PCB12",5.59679,3.83559,-1.6693483725941
"PCB120",7.16336,5.09436,-1.59558795256218
"PCB121",7.03796,5.00926,-1.24536669195692
"PCB122",7.16336,5.09436,-1.88658795256218
"PCB123",7.15636,5.08926,-1.74458795256218
"PCB124",7.16336,5.09436,-1.75358795256218
"PCB125",7.03796,5.00926,-1.53336669195692
"PCB126",7.29576,5.18456,-2.06580921316745
"PCB127",7.28876,5.17946,-1.78580921316745
"PCB128",7.58389,5.44419,-1.95652030548137
"PCB129",7.59089,5.44929,-1.82652030548137
"PCB13",5.59679,3.83559,-1.6333483725941
"PCB130",7.59089,5.44929,-1.78952030548137
"PCB131",7.56989,5.43399,-1.59529904487611
"PCB132",7.56989,5.43399,-1.67229904487611
"PCB133",7.59789,5.45439,-1.66352030548137
"PCB134",7.57689,5.43909,-1.61829904487611
"PCB135",7.57689,5.43909,-1.55029904487611
"PCB136",7.55589,5.42379,-1.47807778427085
"PCB137",7.58389,5.44419,-1.70352030548137
"PCB138",7.58389,5.44419,-1.85852030548137
"PCB139",7.56289,5.42889,-1.46229904487611
"PCB14",5.59679,3.83559,-1.4143483725941
"PCB140",7.58389,5.44419,-1.49129904487611
"PCB141",7.59089,5.44929,-1.73252030548137
"PCB142",7.56989,5.43399,-1.48129904487611
"PCB143",7.56989,5.43399,-1.51029904487611
"PCB144",7.56989,5.43399,-1.50829904487611
"PCB145",7.54889,5.41869,-1.31407778427085
"PCB146",7.59089,5.44929,-1.69952030548137
"PCB147",7.56989,5.43399,-1.48029904487611
"PCB148",7.56989,5.43399,-1.34629904487611
"PCB149",7.56989,5.43399,-1.60429904487611
"PCB15",5.59679,3.83559,-1.6873483725941
"PCB150",7.54889,5.41869,-1.28207778427085
"PCB151",7.57689,5.43909,-1.52729904487611
"PCB152",7.55589,5.42379,-1.35507778427085
"PCB153",7.58389,5.44419,-1.75552030548137
"PCB154",7.56289,5.42889,-1.39729904487611
"PCB155",7.54189,5.41359,-1.06107778427085
"PCB156",7.70929,5.52929,-2.01874156608663
"PCB157",7.70929,5.52929,-2.03874156608663
"PCB158",7.58389,5.44419,-1.75452030548137
"PCB159",7.70229,5.52419,-1.77374156608663
"PCB16",5.94321,4.13731,-1.63205946490803
"PCB160",7.59089,5.44929,-1.64252030548137
"PCB161",7.59089,5.44929,-1.51752030548137
"PCB162",7.70229,5.52419,-1.84674156608663
"PCB163",7.59089,5.44929,-1.75352030548137
"PCB164",7.59089,5.44929,-1.72652030548137
"PCB165",7.59789,5.45439,-1.53252030548137
"PCB166",7.58389,5.44419,-1.70752030548137
"PCB167",7.70929,5.52929,-1.92474156608663
"PCB168",7.58389,5.44419,-1.53152030548137
"PCB169",7.81369,5.59909,-2.14496282669189
"PCB17",5.93621,4.13221,-1.46005946490803
"PCB170",8.13271,5.88121,-2.01167391900582
"PCB171",8.11171,5.86591,-1.72245265840056
"PCB172",8.13971,5.88631,-1.87667391900582
"PCB173",8.11871,5.87101,-1.69845265840056
"PCB174",8.11871,5.87101,-1.73145265840056
"PCB175",8.11871,5.87101,-1.61045265840056
"PCB176",8.11871,5.87101,-1.4932313977953
"PCB177",8.09771,5.85571,-1.74645265840056
"PCB178",8.11871,5.87101,-1.63045265840056
"PCB179",8.12571,5.87611,-1.5262313977953
"PCB18",5.94321,4.13731,-1.52705946490803
"PCB180",8.10471,5.86081,-1.92167391900582
"PCB181",8.11171,5.86591,-1.59745265840056
"PCB182",8.11171,5.86591,-1.54945265840056
"PCB183",8.11171,5.86591,-1.65545265840056
"PCB184",8.09071,5.85061,-1.3052313977953
"PCB185",8.11871,5.87101,-1.62845265840056
"PCB186",8.09771,5.85571,-1.4002313977953
"PCB187",8.11871,5.87101,-1.65245265840056
"PCB188",8.09771,5.85571,-1.3192313977953
"PCB189",8.23651,5.95611,-1.12289517961108
"PCB19",5.92221,4.12201,-1.39383820430277
"PCB190",8.13271,5.88121,-1.90267391900582
"PCB191",8.13271,5.88121,-1.82867391900582
"PCB192",8.13971,5.88631,-1.67067391900582
"PCB193",8.13971,5.88631,-1.82467391900582
"PCB194",8.72293,6.34803,-2.10004879313553
"PCB195",8.70193,6.33273,-1.86560627192501
"PCB196",8.70193,6.33273,-1.82360627192501
"PCB197",8.68093,6.31743,-1.54238501131974
"PCB198",8.70893,6.33783,-1.75160627192501
"PCB199",8.70893,6.33783,-1.58360627192501
"PCB2",5.05497,3.40367,-1.60219475906965
"PCB20",6.06861,4.22241,-1.68828072551329
"PCB200",8.68793,6.32253,-1.56538501131974
"PCB201",8.68793,6.32253,-1.83038501131974
"PCB202",8.69493,6.32763,-1.59738501131974
"PCB203",8.72293,6.34803,-1.79260627192501
"PCB204",8.75093,6.36843,-1.40938501131974
"PCB205",8.72293,6.34803,-1.99182753253027
"PCB206",9.25486,6.77276,-1.97786993024238
"PCB207",9.23386,6.75746,-1.69764866963712
"PCB208",9.24086,6.76256,-1.70264866963712
"PCB209",9.78268,7.19448,-1.85469223836864
"PCB21",6.06161,4.21731,-1.66928072551329
"PCB22",6.06161,4.21731,-1.74428072551329
"PCB23",6.06861,4.22241,-1.52228072551329
"PCB24",5.94321,4.13731,-1.53205946490803
"PCB25",6.06161,4.21731,-1.52528072551329
"PCB26",6.06861,4.22241,-1.55128072551329
"PCB27",5.95021,4.14241,-1.42505946490803
"PCB28",6.05461,4.21221,-1.56928072551329
"PCB29",6.06161,4.21731,-1.55428072551329
"PCB3",5.04797,3.39857,-1.62019475906965
"PCB30",5.93621,4.13221,-1.27405946490803
"PCB31",6.06161,4.21731,-1.58728072551329
"PCB32",5.93621,4.13221,-1.43905946490803
"PCB33",6.06161,4.21731,-1.64528072551329
"PCB34",6.06861,4.22241,-1.40028072551329
"PCB35",6.18701,4.30241,-1.39300198611855
"PCB36",6.18001,4.29731,-1.49150198611855
"PCB37",6.18001,4.29731,-1.83650198611855
"PCB38",6.18701,4.30241,-1.65250198611855
"PCB39",6.10421,4.24281,-1.54250198611855
"PCB4",5.35299,3.67049,-1.53490585138358
"PCB40",6.49614,4.57734,-1.75021307843247
"PCB41",6.48914,4.57224,-1.62421307843248
"PCB42",6.48914,4.57224,-1.60421307843248
"PCB43",6.49614,4.57734,-1.48721307843248
"PCB44",6.49614,4.57734,-1.65021307843248
"PCB45",6.47514,4.56204,-1.46899181782721
"PCB46",6.47514,4.56204,-1.48899181782721
"PCB47",6.48214,4.56714,-1.44621307843248
"PCB48",6.48914,4.57224,-1.53121307843248
"PCB49",6.48914,4.57224,-1.46421307843248
"PCB5",5.47839,3.75559,-1.66712711198884
"PCB50",6.46814,4.55694,-1.25999181782721
"PCB51",6.46814,4.55694,-1.31099181782721
"PCB52",6.49614,4.57734,-1.50821307843248
"PCB53",6.47514,4.56204,-1.38499181782721
"PCB54",6.45414,4.54674,-1.26777055722195
"PCB55",6.61454,4.65734,-1.74443433903774
"PCB56",6.61454,4.65734,-1.82543433903774
"PCB57",6.62154,4.66244,-1.57343433903774
"PCB58",6.62154,4.66244,-1.60743433903774
"PCB59",6.50314,4.58244,-1.52921307843248
"PCB6",5.47839,3.75559,-1.53112711198884
"PCB60",6.60754,4.65224,-1.82143433903774
"PCB61",6.61454,4.65734,-1.62843433903774
"PCB62",6.48914,4.57224,-1.44421307843248
"PCB63",6.61454,4.65734,-1.62043433903774
"PCB64",6.48914,4.57224,-1.57721307843248
"PCB65",6.48914,4.57224,-1.48521307843248
"PCB66",6.60754,4.65224,-1.69843433903774
"PCB67",6.61454,4.65734,-1.63643433903774
"PCB68",6.61454,4.65734,-1.42943433903774
"PCB69",6.48914,4.57224,-1.30821307843248
"PCB7",5.47139,3.75049,-1.46912711198884
"PCB70",6.59354,4.64204,-1.69943433903774
"PCB71",6.48914,4.57224,-1.51521307843248
"PCB72",6.62154,4.66244,-1.44643433903774
"PCB73",6.49614,4.57734,-1.29621307843248
"PCB74",6.60754,4.65224,-1.67343433903774
"PCB75",6.48214,4.56714,-1.34521307843248
"PCB76",6.60754,4.65224,-1.62743433903774
"PCB77",6.73294,4.73734,-1.987655599643
"PCB78",6.73294,4.73734,-1.785655599643
"PCB79",6.73994,4.74244,-1.703655599643
"PCB8",5.47139,3.75049,-1.56312711198884
"PCB80",6.74694,4.74754,-1.424655599643
"PCB81",6.73294,4.73734,-1.842655599643
"PCB82",7.03796,5.00926,-1.82736669195692
"PCB83",7.04496,5.01436,-1.66636669195692
"PCB84",7.02396,4.99906,-1.59914543135166
"PCB85",7.03096,5.00416,-1.70836669195692
"PCB86",7.03796,5.00926,-1.61536669195692
"PCB87",7.03796,5.00926,-1.72836669195692
"PCB88",7.01696,4.99396,-1.41414543135166
"PCB89",7.01696,4.99396,-1.52514543135166
"PCB9",5.47839,3.75559,-1.53512711198884
"PCB90",7.03796,5.00926,-1.52336669195692
"PCB91",7.01696,4.99396,-1.46014543135166
"PCB92",7.04496,5.01436,-1.57736669195692
"PCB93",7.02396,4.99906,-1.46714543135166
"PCB94",7.02396,4.99906,-1.40614543135166
"PCB95",7.02396,4.99906,-1.52214543135166
"PCB96",7.00296,4.98376,-1.3929241707464
"PCB97",7.03796,5.00926,-1.73736669195692
"PCB98",7.01696,4.99396,-1.40614543135166
"PCB99",7.03096,5.00416,-1.59536669195692
