congener,E,S,A,B,V,L
PCB1,1.48,1.07,0,0.2,1.447,6.336
PCB2,1.51,1.05,0,0.18,1.447,6.667
PCB3,1.5,1.05,0,0.18,1.447,6.718
PCB4,1.6,1.22,0,0.2,1.569,6.815
PCB5,1.63,1.2,0,0.18,1.569,7.168
PCB6,1.63,1.2,0,0.18,1.569,7.146
PCB7,1.62,1.2,0,0.18,1.569,7.042
PCB8,1.62,1.2,0,0.18,1.569,7.197
PCB9,1.63,1.2,0,0.18,1.569,7.001
PCB10,1.66,1.22,0,0.2,1.569,6.765
PCB11,1.66,1.18,0,0.16,1.569,7.477
PCB12,1.65,1.18,0,0.16,1.569,7.531
PCB13,1.65,1.18,0,0.16,1.569,7.528
PCB14,1.65,1.18,0,0.16,1.569,7.365
PCB15,1.65,1.18,0,0.16,1.569,7.58
PCB16,1.75,1.35,0,0.17,1.691,7.647
PCB17,1.74,1.35,0,0.17,1.691,7.521
PCB18,1.75,1.35,0,0.17,1.691,7.48
PCB19,1.72,1.35,0,0.17,1.691,7.284
PCB20,1.78,1.33,0,0.15,1.691,7.978
PCB21,1.77,1.33,0,0.15,1.691,7.907
PCB22,1.77,1.33,0,0.15,1.691,8.03
PCB23,1.78,1.33,0,0.15,1.691,7.66
PCB24,1.75,1.35,0,0.17,1.691,7.487
PCB25,1.77,1.33,0,0.15,1.691,7.852
PCB26,1.78,1.33,0,0.15,1.691,7.81
PCB27,1.76,1.35,0,0.17,1.691,7.608
PCB28,1.76,1.33,0,0.15,1.691,7.904
PCB29,1.77,1.33,0,0.15,1.691,7.722
PCB30,1.74,1.35,0,0.17,1.691,7.39
PCB31,1.77,1.33,0,0.15,1.691,7.862
PCB32,1.74,1.35,0,0.17,1.691,7.667
PCB33,1.77,1.33,0,0.15,1.691,8.01
PCB34,1.78,1.33,0,0.15,1.691,7.758
PCB35,1.8,1.31,0,0.13,1.691,8.341
PCB36,1.79,1.31,0,0.13,1.691,8.102
PCB37,1.79,1.31,0,0.13,1.691,8.392
PCB38,1.8,1.31,0,0.13,1.691,8.223
PCB39,1.8,1.31,0,0.15,1.691,8.14
PCB40,1.9,1.48,0,0.15,1.814,8.48
PCB41,1.89,1.48,0,0.15,1.814,8.386
PCB42,1.89,1.48,0,0.15,1.814,8.354
PCB43,1.9,1.48,0,0.15,1.814,8.139
PCB44,1.9,1.48,0,0.15,1.814,8.312
PCB45,1.87,1.48,0,0.15,1.814,7.966
PCB46,1.87,1.48,0,0.15,1.814,8.116
PCB47,1.88,1.48,0,0.15,1.814,8.227
PCB48,1.89,1.48,0,0.15,1.814,8.201
PCB49,1.89,1.48,0,0.15,1.814,8.186
PCB50,1.86,1.48,0,0.15,1.814,7.854
PCB51,1.86,1.48,0,0.15,1.814,7.99
PCB52,1.9,1.48,0,0.15,1.814,8.144
PCB53,1.87,1.48,0,0.15,1.814,7.949
PCB54,1.84,1.48,0,0.15,1.814,7.753
PCB55,1.92,1.46,0,0.13,1.814,8.717
PCB56,1.92,1.46,0,0.13,1.814,8.842
PCB57,1.93,1.46,0,0.13,1.814,8.47
PCB58,1.93,1.46,0,0.13,1.814,8.59
PCB59,1.91,1.48,0,0.15,1.814,8.29
PCB60,1.91,1.46,0,0.13,1.814,8.769
PCB61,1.92,1.46,0,0.13,1.814,8.687
PCB62,1.89,1.48,0,0.15,1.814,8.228
PCB63,1.92,1.46,0,0.13,1.814,8.522
PCB64,1.89,1.48,0,0.15,1.814,8.348
PCB65,1.89,1.48,0,0.15,1.814,8.288
PCB66,1.91,1.46,0,0.13,1.814,8.716
PCB67,1.92,1.46,0,0.13,1.814,8.532
PCB68,1.92,1.46,0,0.13,1.814,8.464
PCB69,1.89,1.48,0,0.15,1.814,8.096
PCB70,1.89,1.46,0,0.13,1.814,8.694
PCB71,1.89,1.48,0,0.15,1.814,8.479
PCB72,1.93,1.46,0,0.13,1.814,8.422
PCB73,1.9,1.48,0,0.15,1.814,8.227
PCB74,1.91,1.46,0,0.13,1.814,8.583
PCB75,1.88,1.48,0,0.15,1.814,8.147
PCB76,1.91,1.46,0,0.13,1.814,8.709
PCB77,1.94,1.44,0,0.11,1.814,9.205
PCB78,1.94,1.44,0,0.11,1.814,9.039
PCB79,1.95,1.44,0,0.11,1.814,8.952
PCB80,1.96,1.44,0,0.11,1.814,8.757
PCB81,1.94,1.44,0,0.11,1.814,9.084
PCB82,2.04,1.61,0,0.13,1.936,9.218
PCB83,2.05,1.61,0,0.13,1.936,8.971
PCB84,2.02,1.61,0,0.13,1.936,8.798
PCB85,2.03,1.61,0,0.13,1.936,9.092
PCB86,2.04,1.61,0,0.13,1.936,9.006
PCB87,2.04,1.61,0,0.13,1.936,9.051
PCB88,2.01,1.61,0,0.13,1.936,8.459
PCB89,2.01,1.61,0,0.13,1.936,8.855
PCB90,2.04,1.61,0,0.13,1.936,8.845
PCB91,2.01,1.61,0,0.13,1.936,8.672
PCB92,2.05,1.61,0,0.13,1.936,8.804
PCB93,2.02,1.61,0,0.13,1.936,8.478
PCB94,2.02,1.61,0,0.13,1.936,8.608
PCB95,2.02,1.61,0,0.13,1.936,8.631
PCB96,1.99,1.61,0,0.13,1.936,8.435
PCB97,2.04,1.61,0,0.13,1.936,9.033
PCB98,2.01,1.61,0,0.13,1.936,8.597
PCB99,2.03,1.61,0,0.13,1.936,8.91
PCB100,2,1.61,0,0.13,1.936,8.471
PCB101,2.04,1.61,0,0.13,1.936,8.868
PCB102,2.01,1.61,0,0.13,1.936,8.67
PCB103,2.01,1.61,0,0.13,1.936,8.429
PCB104,1.98,1.61,0,0.13,1.936,8.244
PCB105,2.04,1.59,0,0.11,1.936,9.594
PCB106,2.07,1.59,0,0.11,1.936,9.329
PCB107,2.07,1.59,0,0.11,1.936,9.334
PCB108,2.04,1.59,0,0.11,1.936,9.349
PCB109,2.04,1.61,0,0.13,1.936,9.039
PCB110,2.04,1.61,0,0.13,1.936,9.161
PCB111,2.08,1.59,0,0.11,1.936,9.082
PCB112,2.05,1.61,0,0.13,1.936,8.809
PCB113,2.05,1.61,0,0.13,1.936,8.909
PCB114,2.06,1.59,0,0.11,1.936,9.388
PCB115,2.03,1.61,0,0.13,1.936,8.842
PCB116,2.04,1.61,0,0.13,1.936,8.998
PCB117,2.04,1.61,0,0.13,1.936,9.029
PCB118,2.06,1.59,0,0.11,1.936,9.396
PCB119,2.03,1.61,0,0.13,1.936,8.96
PCB120,2.07,1.59,0,0.11,1.936,9.143
PCB121,2.04,1.61,0,0.13,1.936,8.71
PCB122,2.07,1.59,0,0.11,1.936,9.534
PCB123,2.06,1.59,0,0.11,1.936,9.408
PCB124,2.07,1.59,0,0.11,1.936,9.367
PCB125,2.04,1.61,0,0.13,1.936,9.171
PCB126,2.11,1.57,0,0.09,1.936,9.884
PCB127,2.1,1.57,0,0.09,1.936,9.645
PCB128,2.18,1.74,0,0.11,2.059,9.957
PCB129,2.19,1.74,0,0.11,2.059,9.838
PCB130,2.19,1.74,0,0.11,2.059,9.71
PCB131,2.16,1.74,0,0.11,2.059,9.292
PCB132,2.16,1.74,0,0.11,2.059,9.537
PCB133,2.2,1.74,0,0.11,2.059,9.463
PCB134,2.17,1.74,0,0.11,2.059,9.31
PCB135,2.17,1.74,0,0.11,2.059,9.29
PCB136,2.14,1.74,0,0.11,2.059,9.117
PCB137,2.18,1.74,0,0.11,2.059,9.712
PCB138,2.18,1.74,0,0.11,2.059,9.772
PCB139,2.15,1.74,0,0.11,2.059,9.317
PCB140,2.18,1.74,0,0.11,2.059,9.316
PCB141,2.19,1.74,0,0.11,2.059,9.67
PCB142,2.16,1.74,0,0.11,2.059,9.257
PCB143,2.16,1.74,0,0.11,2.059,9.475
PCB144,2.16,1.74,0,0.11,2.059,9.124
PCB145,2.13,1.74,0,0.11,2.059,8.928
PCB146,2.19,1.74,0,0.11,2.059,9.527
PCB147,2.16,1.74,0,0.11,2.059,9.182
PCB148,2.16,1.74,0,0.11,2.059,9.089
PCB149,2.16,1.74,0,0.11,2.059,9.352
PCB150,2.13,1.74,0,0.11,2.059,8.916
PCB151,2.17,1.74,0,0.11,2.059,9.142
PCB152,2.14,1.74,0,0.11,2.059,8.947
PCB153,2.18,1.74,0,0.11,2.059,9.587
PCB154,2.15,1.74,0,0.11,2.059,9.151
PCB155,2.12,1.74,0,0.11,2.059,8.715
PCB156,2.21,1.72,0,0.09,2.059,10.2
PCB157,2.21,1.72,0,0.09,2.059,10.273
PCB158,2.18,1.74,0,0.11,2.059,9.654
PCB159,2.2,1.72,0,0.09,2.059,9.962
PCB160,2.19,1.74,0,0.11,2.059,9.59
PCB161,2.19,1.74,0,0.11,2.059,9.402
PCB162,2.2,1.72,0,0.09,2.059,10.039
PCB163,2.19,1.74,0,0.11,2.059,9.673
PCB164,2.19,1.74,0,0.11,2.059,9.853
PCB165,2.2,1.74,0,0.11,2.059,9.492
PCB166,2.18,1.74,0,0.11,2.059,9.827
PCB167,2.21,1.72,0,0.09,2.059,10.088
PCB168,2.18,1.74,0,0.11,2.059,9.652
PCB169,2.21,1.7,0,0.07,2.059,10.609
PCB170,2.33,1.87,0,0.09,2.181,10.577
PCB171,2.3,1.87,0,0.09,2.181,10.031
PCB172,2.34,1.87,0,0.09,2.181,10.33
PCB173,2.31,1.87,0,0.09,2.181,10.092
PCB174,2.31,1.87,0,0.09,2.181,10.159
PCB175,2.31,1.87,0,0.09,2.181,9.783
PCB176,2.31,1.87,0,0.09,2.181,9.59
PCB177,2.28,1.87,0,0.09,2.181,10.069
PCB178,2.31,1.87,0,0.09,2.181,9.808
PCB179,2.32,1.87,0,0.09,2.181,9.609
PCB180,2.29,1.87,0,0.09,2.181,10.415
PCB181,2.3,1.87,0,0.09,2.181,9.965
PCB182,2.3,1.87,0,0.09,2.181,9.958
PCB183,2.3,1.87,0,0.09,2.181,9.848
PCB184,2.27,1.87,0,0.09,2.181,9.409
PCB185,2.31,1.87,0,0.09,2.181,9.924
PCB186,2.28,1.87,0,0.09,2.181,9.728
PCB187,2.31,1.87,0,0.09,2.181,9.864
PCB188,2.28,1.87,0,0.09,2.181,9.428
PCB189,2.36,1.87,0,0.07,2.181,10.893
PCB190,2.33,1.87,0,0.09,2.181,10.454
PCB191,2.33,1.87,0,0.09,2.181,10.346
PCB192,2.34,1.87,0,0.09,2.181,10.204
PCB193,2.34,1.87,0,0.09,2.181,10.365
PCB194,2.48,2,0,0.06,2.303,11.186
PCB195,2.45,2,0,0.06,2.303,10.83
PCB196,2.45,2,0,0.06,2.303,10.65
PCB197,2.42,2,0,0.06,2.303,10.104
PCB198,2.46,2,0,0.06,2.303,10.583
PCB199,2.46,2,0,0.06,2.303,10.668
PCB200,2.43,2,0,0.06,2.303,10.41
PCB201,2.43,2,0,0.06,2.303,10.386
PCB202,2.44,2,0,0.06,2.303,10.141
PCB203,2.48,2,0,0.06,2.303,10.625
PCB204,2.52,2,0,0.06,2.303,10.143
PCB205,2.48,2,0,0.06,2.303,11.146
PCB206,2.6,2.13,0,0.04,2.426,11.45
PCB207,2.57,2.13,0,0.04,2.426,10.904
PCB208,2.58,2.13,0,0.04,2.426,10.922
PCB209,2.72,2.26,0,0.02,2.548,11.703
